[
  {
    "First Name": "Sarah",
    "Last Name": "Johnson",
    "Email": "sarah.johnson@techcorp.com",
    "Phone": "(555) 123-4567",
    "Title": "Senior Marketing Manager",
    "Company": "TechCorp Industries",
    "Street": "123 Innovation Drive",
    "City": "San Francisco",
    "State": "CA",
    "Zip Code": "94105",
    "Country": "USA"
  },
  {
    "First Name": "Michael",
    "Last Name": "Chen",
    "Email": "mchen@globalsoft.com",
    "Phone": "(555) 987-6543",
    "Title": "VP of Sales",
    "Company": "GlobalSoft Solutions",
    "Street": "456 Enterprise Blvd",
    "City": "Austin",
    "State": "TX",
    "Zip Code": "78701",
    "Country": "USA"
  },
  {
    "First Name": "Emily",
    "Last Name": "Rodriguez",
    "Email": "emily.r@innovatedesign.com",
    "Phone": "(555) 246-8135",
    "Title": "Creative Director",
    "Company": "Innovate Design Studio",
    "Street": "789 Creative Lane",
    "City": "Portland",
    "State": "OR",
    "Zip Code": "97201",
    "Country": "USA"
  },
  {
    "First Name": "David",
    "Last Name": "Thompson",
    "Email": "dthompson@financeplus.com",
    "Phone": "(555) 369-2580",
    "Title": "Financial Analyst",
    "Company": "FinancePlus Advisors",
    "Street": "321 Wall Street",
    "City": "New York",
    "State": "NY",
    "Zip Code": "10005",
    "Country": "USA"
  },
  {
    "First Name": "Amanda",
    "Last Name": "Williams",
    "Email": "awilliams@healthtech.io",
    "Phone": "(555) 159-7532",
    "Title": "Product Manager",
    "Company": "HealthTech Innovations",
    "Street": "555 Medical Plaza",
    "City": "Boston",
    "State": "MA",
    "Zip Code": "02101",
    "Country": "USA"
  },
  {
    "First Name": "Robert",
    "Last Name": "Davis",
    "Email": "rdavis@cloudservices.com",
    "Phone": "(555) 741-9630",
    "Title": "Cloud Architect",
    "Company": "Cloud Services Inc",
    "Street": "999 Data Center Road",
    "City": "Denver",
    "State": "CO",
    "Zip Code": "80202",
    "Country": "USA"
  },
  {
    "First Name": "Lisa",
    "Last Name": "Anderson",
    "Email": "lisa.a@retailpro.com",
    "Phone": "(555) 852-3691",
    "Title": "Operations Manager",
    "Company": "RetailPro Solutions",
    "Street": "147 Commerce Street",
    "City": "Atlanta",
    "State": "GA",
    "Zip Code": "30303",
    "Country": "USA"
  },
  {
    "First Name": "James",
    "Last Name": "Wilson",
    "Email": "jwilson@edutech.edu",
    "Phone": "(555) 963-1478",
    "Title": "Director of Technology",
    "Company": "EduTech Learning Systems",
    "Street": "258 Campus Drive",
    "City": "Philadelphia",
    "State": "PA",
    "Zip Code": "19103",
    "Country": "USA"
  },
  {
    "First Name": "Maria",
    "Last Name": "Garcia",
    "Email": "mgarcia@legalfirm.com",
    "Phone": "(555) 357-8024",
    "Title": "Senior Partner",
    "Company": "Garcia & Associates Law",
    "Street": "369 Justice Boulevard",
    "City": "Miami",
    "State": "FL",
    "Zip Code": "33131",
    "Country": "USA"
  },
  {
    "First Name": "Christopher",
    "Last Name": "Brown",
    "Email": "cbrown@manufact.com",
    "Phone": "(555) 486-2791",
    "Title": "Manufacturing Director",
    "Company": "Advanced Manufacturing Co",
    "Street": "753 Industrial Parkway",
    "City": "Detroit",
    "State": "MI",
    "Zip Code": "48201",
    "Country": "USA"
  },
  {
    "First Name": "José",
    "Last Name": "Ramírez",
    "Email": "jose.ramirez@example.com",
    "LinkedIn Profile": "https://linkedin.com/in/joseramirez",
    "Phone": "+34 123 456 789",
    "Title": "Gerente de Ventas",
    "Company": "Soluciones Tecnológicas",
    "Street": "Calle Principal 123",
    "City": "São Paulo",
    "State": "SP",
    "Zip Code": "01310-100",
    "Country": "Brasil"
  },
  {
    "First Name": "María",
    "Last Name": "González",
    "Email": "maria.gonzalez@example.com",
    "LinkedIn Profile": "https://linkedin.com/in/mariagonzalez",
    "Phone": "+52 555 123 4567",
    "Title": "Directora de Operaciones",
    "Company": "Café Orgánico",
    "Street": "Avenida Revolución 456",
    "City": "México",
    "State": "CDMX",
    "Zip Code": "06000",
    "Country": "México"
  }
]